<?xml version="1.0" encoding="UTF-8"?>
<project-private xmlns="http://www.netbeans.org/ns/project-private/1">
    <editor-bookmarks xmlns="http://www.netbeans.org/ns/editor-bookmarks/2" lastBookmarkId="0"/>
    <open-files xmlns="http://www.netbeans.org/ns/projectui-open-files/2">
        <group>
            <file>file:/C:/xampp/htdocs/Office_Meal_Count/application/models/welcome_Model.php</file>
            <file>file:/C:/xampp/htdocs/Office_Meal_Count/application/views/OMC/add_new_member.php</file>
            <file>file:/C:/xampp/htdocs/Office_Meal_Count/application/views/OMC/home.php</file>
            <file>file:/C:/xampp/htdocs/Office_Meal_Count/application/controllers/Welcome.php</file>
            <file>file:/C:/xampp/htdocs/Office_Meal_Count/application/views/OMC/total_Meal.php</file>
            <file>file:/C:/xampp/htdocs/Office_Meal_Count/assets/css/style.css</file>
            <file>file:/C:/xampp/htdocs/Office_Meal_Count/application/views/OMC/employee_profile.php</file>
            <file>file:/C:/xampp/htdocs/Office_Meal_Count/application/views/OMC/profile.php</file>
        </group>
    </open-files>
</project-private>
